TITLE,PODCAST NETWORK,YEAR INITIALLY RELEASED,GENRE,LINK TO PODCAST
Mormon Stories Podcast,Open Stories Foundation,2005,Interview / Critique / History,https://www.mormonstories.org/
Sunstone Magazine Podcast,Sunstone Education Foundation,2010,Culture / Discussion / Scholarly,https://sunstone.org/podcast/
This Week in Mormons,Independent,2012,News / Commentary,https://podcasts.apple.com/us/podcast/this-week-in-mormons/id534937313
Radio Free Mormon,Independent,2017,Critique / Exegesis,https://radiofreemormon.org/
Mormon Discussion Podcast,Mormon Discussion Inc.,2012,History / Critique / Interview,https://mormondiscussionpodcast.org/
Maxwell Institute Podcast,Maxwell Institute (BYU),2014,Scholarly / Interview,https://mi.byu.edu/podcast/
Dialogue Journal Podcast,Dialogue Foundation,2017,Scholarly / Interview,https://www.dialoguejournal.com/podcast/
LDS Perspectives Podcast,Independent,2016,Scholarly / Interview,https://ldsperspectives.com/
Faith Matters,Faith Matters Foundation,2017,Interview / Theological Discussion,https://faithmatters.org/podcasts/
The Interpreter Foundation Podcast,The Interpreter Foundation,2013,Apologetics / Scholarly,https://interpreterfoundation.org/podcasts/
This Is the Gospel,LDS Living,2019,Storytelling / Devotional,https://www.ldsliving.com/this-is-the-gospel
Don't Miss This,Independent,2019,Doctrinal Study,https://www.dontmissthisstudy.com/
"Follow Him: A Come, Follow Me Podcast",Independent,2020,Doctrinal Study / Interview,https://www.followhim.co/
Leading Saints,Independent,2014,Leadership / Interview,https://leadingsaints.org/
Talking Scripture,Independent,2019,Doctrinal Study,https://www.talkingscripture.org/
The General Conference Podcast,The Church of Jesus Christ of Latter-day Saints,2018,Doctrinal Address,https://www.churchofjesuschrist.org/inspiration/latter-day-saints-channel/podcasts/general-conference
Saints,The Church of Jesus Christ of Latter-day Saints,2018,History / Narrative,https://www.churchofjesuschrist.org/inspiration/latter-day-saints-channel/podcasts/saints
All In,LDS Living,2018,Interview / Devotional,https://www.ldsliving.com/all-in
Latter-day Saint Women,The Church of Jesus Christ of Latter-day Saints,2019,Interview / Discussion,https://www.churchofjesuschrist.org/inspiration/latter-day-saints-channel/podcasts/latter-day-saint-women
Sunday on Monday,Deseret Book,2021,Doctrinal Study,https://deseretbook.com/p/sunday-on-monday